Titulo,Precio (EUR)
Coogam De Madera Hexágono Rompecabezas - Bloque de Forma Tangram Rompecabezas Juguete Geometría Lógica IQ Juego Stem Montessori Regalo Educativo para Todas Las Edades Desafío,€13,99
Global Puzzle: 3D Puzzle - Rompecabezas de Madera - Juegos de Rompecabezas - Juegos Educativos - Juegos de Lógica de SiamMandalay with Free SM Gift Box (Pictured),€15,99
Beat That! Juego de Mesa - El divertidísimo Pruebas locas, para Niños y Adultos - para todas las Ocasiones, Navidad, Año Nuevo, Noche de juegos y otras Fiestas,€19,99
Super Slide Juegos de memoria con más de 500 niveles, juego electrónico portátil, desafiantes rompecabezas, juguetes educativos y de aprendizaje para niños y adultos,€29,99
Beat That! Juego de Mesa - El divertidísimo Pruebas locas, para Niños y Adultos - para todas las Ocasiones, Navidad, Año Nuevo, Noche de juegos y otras Fiestas,€19,99
Smart Games - IQ Puzzler Pro, Puzzle Game with 120 Challenges, 3 Playing Modes, 8+ Years,€12,99
Mattel Games Pictionary Air, juego de mesa en español (Mattel GPL50),€24,99
Los juegos del hambre: En llamas,
Mattel Games UNO H20 To Go, juego de cartas (Mattel P1703),€16,99
Dobble - Juego de Cartas en Español y Portugués,€13,95
Aquamarine Games-La torre de colores, Miscelanea, 7 a 99 años (Compudid CP006),€8,99
Bizak Juego La Casa de Los Retos (35001923),€34,98
Los Juegos del Hambre: En Llamas,€3,99
SD GAMES Juego De Mesa Pelo Pata Popo,€19,95
Oh Happy Games - El Embustero - ¿Conseguirás desenmascararlo? ¡Faroles, Creatividad, Juegos de Palabras y sospechas! Juego de Mesa - Juego de Cartas - Juego Familiar - Adultos y Chicos,€19,99
GUATAFAC – Juegos de Mesa Adulto - Juegos de Cartas - Más de 1 Millón de Jugadores - Regalo Mujer o Regalo Hombre Originales para cumpleaños - Español,€27,95
Hasbro Gaming Juego clásico de Operación, juego de mesa electrónico con tarjetas, para jugar dentro de casa, para niños a partir de 6 años,€20,49
Joozmui Juguetes Niños 3 4 5 6 7 8 Años, Juegos Educativos 3-8 Años Regalo Niña para Aprender a Leer Juguetes Montessori Scrabble Español,€16,99
Juego extremo,
Tranjis games- Virus Halloween Special Edition Juegos de Cartas, Multicolor (TRA449035),
Tranjis Games - Virus! - Juego de cartas, 8 a 99 años (TRG-01vir),
Mattel Games Juego de cartas UNO, Coleccionable, juego de mesa en lata para niños +7 años (Mattel HGB63), Exclusivo en Amazon,€15,99
Hasbro Gaming Juego Twister para niños a partir de 8 años,€22,35
ZENAGAME Juego de Mesa Familiar - Juego de Mímicas - Regalo Original Marca Juego de Gestos para Todos Adultos y niños a Partir de 4 años,€11,99
Mattel Games Monos Locos, juegos de mesa para niños (Mattel 52563),€ €23,99 22,39
Nintendo Switch Sports,€39,99
Mattel Games Juego de cartas DOS Segunda Edición Juego de mesa familiar de UNO +7 años (Mattel HNN01),€9,99
Juegos perversos,
Argarden Rana y 10 fichas de Acero Inoxidable para el Juego de la Rana «Tipo Vasco»,€59,00
Hasbro Gaming-Gestos Juego de Mesa, multicolor (B0638105) 8 años to 99 años,€20,99
[Exclusivo en Amazon] Zygomatic Dobble Classic Blister Eco - Juego de Cartas en Español y Portugués, 7+ años,€11,99
¿Cuánto conoces a tu Familia? Un Divertido Juego Familiar Lleno de Pruebas y desafíos para Ver quién Conoce Mejor a la Familia! Juego de Mesa , Juego de Cartas, Regalo Original para Adultos y Niños,€22,99
LEGO 21242 Minecraft El Combate en el End, Juego de Batalla, PVP, Escenario con Lava, Mini Figura de Guerrero y Arquero del Dragón, Idea de Regalo,€24,99
DGT - Juego de ajedrez por ordenador: Electrónico Digital modelo Centaur,€321,00
Zwilling Juego de vacío, Vidrio/plástico, La-Mer, 16 Piezas,€129,45
Unsolved Case Files: El Juego de Asesinatos sin Resolver: ¿Quién asesinó a Harmony Ashcroft? ¿Puedes Resolver el Crimen?,€38,66
Juego De Asesinos,€3,99
Asmodee El Juego del Calamar - Juego de Mesa en Español, MIXSQ01ES,€26,49
EACHHAHA Magic Block Game Juego de competición Juego de Mesa para Dos Personas Juego Interactivo para Padres e Hijos Juego Educativo para niños,€15,99
Unbox Now - Azul - Juego de Mesa de 1 a 4 jugadores en Español,€39,99
Hasbro Gaming Juego de Mesa clásico Hundir la Flota, Juego de Estrategia a Partir de 7 años, Divertido Juego Infantil para 2 Jugadores,€21,10
El Juego De Las Llaves,
Smart Games - IQ Puzzler Pro | Juegos Niños 6 Años | Juegos Educativos 6 Años | Juegos De Mesa Niños 6 Años O Más | Rompecabezas Niños Y Rompecabezas Adultos,€15,99
Fútbol el juego de posición: Concepto y 101 tareas para su entrenamiento,€18,05
Tragik Montessori Juegos Educativos Niños 3-8 Años?Puzzle 3-6 Años Aprender a Leer Escribir Juegos Pizarra Infantiles Smart Games,€12,99
BURO de juegos 500500 - Amigos de Mierda (BURO100219),€14,95
Mattel Games Wormy Roller Juego de mesa para niños +3 años, incluye cartas y gusano de juguete (Mattel GYJ81),€8,99
Ready Player One,€3,99
Learning Resources-la Isla sumas y restas años, Juguetes para enseñar, Juego de matemáticas para niños, 6, LER3058, Multicolor (LER5025),€24,60
UNO FLIP - Juego de Cartas Familiar - 112 Cartas Doble Cara - Fomenta la Estrategia - Versión Competitiva - Regalo para Niños de 7+ Años y Adultos,€11,99
Devir - Juego Polilla Tramposa, de Cartas, Juego de mesa para Niños, Party (BGPOLI),€12,95
Unbox Now - Libellud- Dixit Classic - Juego de Mesa en Español - Nueva versión 2021,€32,93
IMAGILAND-IM-FUJ007 Juego Educativo, Color (IM-FUJ007),€6,95
Ludilo - Taco Gato Cabra Queso Pizza | Juegos De Mesa | Juegos De Mesa Niños 8 Años | Juego De Mesa 8 Años O Más | Juegos De Cartas | Regalo Niño 8 Años O Más,€13,99
Ravensburger- Disney Villainous, Versión Española, Juego de Mesa, 2-6 Jugadores, Edad Recomendada 10+,€50,99
Educa - Caza Monstruos. Un Juego de Agilidad Visual y rapidez. A Partir de 5 años. 18861,€ €23,50 27,99
Yemetey 41pcs Juguetes Piscina,Juguetes Piscina para niños de Verano para niños y niñas con Anillos de Buceo, Bandidos de torpedos, Joyas de Buceo, Bolas de Buceo y más.,€17,99
GAN Skewb, Cubo de speedcubing magnético Skweb Cubo mágico (versión Fuerte de 32 imanes),€42,00
The World Game | Super Skills - Juego de Mesa Divertido Lleno de Acción para Niños y Adultos Todas Las Edades - Incluye 150 Cartas de Retos y Otros Accesorios para Horas de Diversión - En Español,€29,90
Super Slide Puzzle Deslizante con 1500+ Puzzles, Juegos de Paciencia para niños,IQ puzzler Pro,Consola de Juegos portátil para Todas Las Edades(Caza Espacial),€45,99
